{"cameraMode":{"drawMode":0,"name":"Shaded","section":"Shading Mode"},"sceneLighting":false,"audioPlay":false,"sceneViewState":{"showFog":true,"showMaterialUpdate":false,"showSkybox":false,"showFlares":true,"showImageEffects":true,"showParticleSystems":true},"in2DMode":false,"pivot":{"x":0.6625454425811768,"y":1.8606219291687012,"z":0.8811103105545044},"rotation":{"x":-0.21686965227127076,"y":0.3976663053035736,"z":-0.09731586277484894,"w":-0.8862070441246033},"size":3.858952760696411,"orthographic":true}